name,what it is / what to buy
base_rail,20x40 V-slot aluminium extrusion - base rail 1500 mm
top_rail,20x40 V-slot aluminium extrusion - gantry rail 1500 mm (the bridges' wheels run on it)
upright,20x40 V-slot aluminium extrusion - upright 600 mm
upright_2,20x40 V-slot aluminium extrusion - upright 600 mm
upright_3,20x40 V-slot aluminium extrusion - upright 600 mm
base_rail_2,20x40 V-slot aluminium extrusion - base rail 1500 mm
top_rail_2,20x40 V-slot aluminium extrusion - gantry rail 1500 mm (the bridges' wheels run on it)
upright_4,20x40 V-slot aluminium extrusion - upright 600 mm
upright_5,20x40 V-slot aluminium extrusion - upright 600 mm
upright_6,20x40 V-slot aluminium extrusion - upright 600 mm
cross_member,20x40 V-slot aluminium extrusion - cross member 580 mm
cross_member_2,20x40 V-slot aluminium extrusion - cross member 580 mm
cross_member_3,20x40 V-slot aluminium extrusion - cross member 580 mm
cross_member_4,20x40 V-slot aluminium extrusion - cross member 580 mm
bed_rail,20x20 V-slot - bed rail 1300 mm
bed_rail_2,20x20 V-slot - bed rail 1300 mm
bed_roller,"Bed roller: 20 mm aluminium tube on an 8 mm shaft, 2 x 608 bearings"
bed_bracket,3D-printed roller bracket (cad/prototype: print in PETG)
bed_bracket_2,3D-printed roller bracket (cad/prototype: print in PETG)
bed_roller_2,"Bed roller: 20 mm aluminium tube on an 8 mm shaft, 2 x 608 bearings"
bed_bracket_3,3D-printed roller bracket (cad/prototype: print in PETG)
bed_bracket_4,3D-printed roller bracket (cad/prototype: print in PETG)
bed_roller_3,"Bed roller: 20 mm aluminium tube on an 8 mm shaft, 2 x 608 bearings"
bed_bracket_5,3D-printed roller bracket (cad/prototype: print in PETG)
bed_bracket_6,3D-printed roller bracket (cad/prototype: print in PETG)
bed_roller_4,"Bed roller: 20 mm aluminium tube on an 8 mm shaft, 2 x 608 bearings"
bed_bracket_7,3D-printed roller bracket (cad/prototype: print in PETG)
bed_bracket_8,3D-printed roller bracket (cad/prototype: print in PETG)
bed_roller_5,"Bed roller: 20 mm aluminium tube on an 8 mm shaft, 2 x 608 bearings"
bed_bracket_9,3D-printed roller bracket (cad/prototype: print in PETG)
bed_bracket_10,3D-printed roller bracket (cad/prototype: print in PETG)
bed_roller_6,"Bed roller: 20 mm aluminium tube on an 8 mm shaft, 2 x 608 bearings"
bed_bracket_11,3D-printed roller bracket (cad/prototype: print in PETG)
bed_bracket_12,3D-printed roller bracket (cad/prototype: print in PETG)
bed_leg,20x20 V-slot - bed leg
bed_leg_2,20x20 V-slot - bed leg
bed_leg_3,20x20 V-slot - bed leg
bed_leg_4,20x20 V-slot - bed leg
bed_leg_5,20x20 V-slot - bed leg
bed_leg_6,20x20 V-slot - bed leg
scrap_tray,Scrap tray: 3D-printed or folded aluminium sheet
outfeed_table,Outfeed table: 6 mm plywood / MDF strip on 20x20 legs
model_beam,"Model beam: UB 305x165x40 at 1:5, 3D printed (see docs/SCALE_MODEL.md)"
bridge,Handler bridge: 20x60 V-slot 660 mm
gantry_plate,Handler bridge end: V-slot gantry plate with 4 V-wheels
v_wheel,"V-wheel (Delrin, 625 bearings)"
v_wheel_2,"V-wheel (Delrin, 625 bearings)"
gantry_plate_2,Handler bridge end: V-slot gantry plate with 4 V-wheels
v_wheel_3,"V-wheel (Delrin, 625 bearings)"
v_wheel_4,"V-wheel (Delrin, 625 bearings)"
x_motor,Handler X motor: NEMA 17 (42x42x48) driving both sides through an 8 mm cross shaft and GT2 belts
cross_shaft,8 mm cross shaft with GT2 20T pulleys at both ends
carriage_plate,Handler carriage: V-slot gantry plate on the bridge (Y axis)
y_motor,Handler Y motor: NEMA 17 + GT2 belt along the bridge
z_axis,Handler Z axis: 20x20 V-slot 300 mm on a T8 lead screw (slides through the carriage)
z_motor,Handler Z motor: NEMA 17 with integrated T8 x 2 mm lead screw
z_motor_mount,Handler Z motor bracket (3D printed)
lead_screw,"T8 x 2 mm lead screw, 300 mm"
lead_nut,Handler lead-screw nut block on the Z axis (3D printed + brass T8 nut)
arm_mount,Handler arm mount plate (3D printed)
arm_base,Handler arm: SO-101 type 6-servo arm kit (STS3215 servos) - base
arm_upper,Handler arm: upper arm (~110 mm)
arm_fore,Handler arm: forearm (~135 mm)
arm_wrist,Handler arm: wrist
magnet_tool,Handler magnet: 12 V 25 mm lifting electromagnet (holds 2.5 kg)
bridge_2,Cutter bridge: 20x60 V-slot 660 mm
gantry_plate_3,Cutter bridge end: V-slot gantry plate with 4 V-wheels
v_wheel_5,"V-wheel (Delrin, 625 bearings)"
v_wheel_6,"V-wheel (Delrin, 625 bearings)"
gantry_plate_4,Cutter bridge end: V-slot gantry plate with 4 V-wheels
v_wheel_7,"V-wheel (Delrin, 625 bearings)"
v_wheel_8,"V-wheel (Delrin, 625 bearings)"
x_motor_2,Cutter X motor: NEMA 17 (42x42x48) driving both sides through an 8 mm cross shaft and GT2 belts
cross_shaft_2,8 mm cross shaft with GT2 20T pulleys at both ends
carriage_plate_2,Cutter carriage: V-slot gantry plate on the bridge (Y axis)
y_motor_2,Cutter Y motor: NEMA 17 + GT2 belt along the bridge
z_axis_2,Cutter Z axis: 20x20 V-slot 300 mm on a T8 lead screw (slides through the carriage)
z_motor_2,Cutter Z motor: NEMA 17 with integrated T8 x 2 mm lead screw
z_motor_mount_2,Cutter Z motor bracket (3D printed)
lead_screw_2,"T8 x 2 mm lead screw, 300 mm"
lead_nut_2,Cutter lead-screw nut block on the Z axis (3D printed + brass T8 nut)
arm_mount_2,Cutter arm mount plate (3D printed)
arm_base_2,Cutter arm: SO-101 type 6-servo arm kit (STS3215 servos) - base
arm_upper_2,Cutter arm: upper arm (~110 mm)
arm_fore_2,Cutter arm: forearm (~135 mm)
arm_wrist_2,Cutter arm: wrist
pen_tool,Cutter 'torch' for the prototype: pen or 5 mW laser pointer in a 3D-printed holder (marks the cut lines)
control_box,"Control box: Jetson Orin Nano, FluidNC 6-axis board, 24 V and 12 V supplies, fuses, safety relay"
estop,"Emergency stop: 22 mm red mushroom, 2 NC contacts, yellow box (BS EN ISO 13850)"
estop_head,Emergency stop head
enclosure_front,"Enclosure door: 3 mm polycarbonate on 20x20 frame, with a safety interlock switch"
door_switch,"Door interlock switch (magnetic coded, NC) - opens = protective stop"
camera,Camera: USB wide-angle (or IMX219 CSI) on a 20x20 post - YOLO watches the cell
camera_post,20x20 V-slot camera post
