position,part_no,copy,part (shopping list),what it is,where,x_mm,y_mm,z_mm
P01-1,P01,1,V-slot 20x20 aluminium extrusion,20x20 V-slot aluminium extrusion - base rail 900 mm,"front (operator side), middle, 10 mm up",300.0,-150.0,10.0
P01-2,P01,2,V-slot 20x20 aluminium extrusion,20x20 V-slot aluminium extrusion - gantry rail 900 mm (the bridges' wheels run on it),"front (operator side), middle, 330 mm up",300.0,-150.0,330.0
P01-3,P01,3,V-slot 20x20 aluminium extrusion,20x20 V-slot aluminium extrusion - upright 300 mm,"front (operator side), infeed end, 170 mm up",-140.0,-150.0,170.0
P01-4,P01,4,V-slot 20x20 aluminium extrusion,20x20 V-slot aluminium extrusion - upright 300 mm,"front (operator side), middle, 170 mm up",300.0,-150.0,170.0
P01-5,P01,5,V-slot 20x20 aluminium extrusion,20x20 V-slot aluminium extrusion - upright 300 mm,"front (operator side), middle, 170 mm up",740.0,-150.0,170.0
P01-6,P01,6,V-slot 20x20 aluminium extrusion,20x20 V-slot aluminium extrusion - base rail 900 mm,"back, middle, 10 mm up",300.0,150.0,10.0
P01-7,P01,7,V-slot 20x20 aluminium extrusion,20x20 V-slot aluminium extrusion - gantry rail 900 mm (the bridges' wheels run on it),"back, middle, 330 mm up",300.0,150.0,330.0
P01-8,P01,8,V-slot 20x20 aluminium extrusion,20x20 V-slot aluminium extrusion - upright 300 mm,"back, infeed end, 170 mm up",-140.0,150.0,170.0
P01-9,P01,9,V-slot 20x20 aluminium extrusion,20x20 V-slot aluminium extrusion - upright 300 mm,"back, middle, 170 mm up",300.0,150.0,170.0
P01-10,P01,10,V-slot 20x20 aluminium extrusion,20x20 V-slot aluminium extrusion - upright 300 mm,"back, middle, 170 mm up",740.0,150.0,170.0
P01-11,P01,11,V-slot 20x20 aluminium extrusion,20x20 V-slot aluminium extrusion - cross member 280 mm,"middle, infeed end, 10 mm up",-140.0,0.0,10.0
P01-12,P01,12,V-slot 20x20 aluminium extrusion,20x20 V-slot aluminium extrusion - cross member 280 mm,"middle, infeed end, 330 mm up",-140.0,0.0,330.0
P01-13,P01,13,V-slot 20x20 aluminium extrusion,20x20 V-slot aluminium extrusion - cross member 280 mm,"middle, middle, 10 mm up",740.0,0.0,10.0
P01-14,P01,14,V-slot 20x20 aluminium extrusion,20x20 V-slot aluminium extrusion - cross member 280 mm,"middle, middle, 330 mm up",740.0,0.0,330.0
P01-15,P01,15,V-slot 20x20 aluminium extrusion,20x20 V-slot aluminium extrusion - bed rail 700 mm,"front (operator side), middle, 70 mm up",300.0,-80.0,70.0
P06-1,P06,1,Bed riser blocks (3D printed),Bed riser block (3D printed) - holds the bed rails on the base,"front (operator side), infeed end, 30 mm up",-40.0,-80.0,30.0
P06-2,P06,2,Bed riser blocks (3D printed),Bed riser block (3D printed) - holds the bed rails on the base,"front (operator side), middle, 30 mm up",300.0,-80.0,30.0
P06-3,P06,3,Bed riser blocks (3D printed),Bed riser block (3D printed) - holds the bed rails on the base,"front (operator side), middle, 30 mm up",640.0,-80.0,30.0
P01-16,P01,16,V-slot 20x20 aluminium extrusion,20x20 V-slot aluminium extrusion - bed rail 700 mm,"middle, middle, 70 mm up",300.0,-20.0,70.0
P06-4,P06,4,Bed riser blocks (3D printed),Bed riser block (3D printed) - holds the bed rails on the base,"middle, infeed end, 30 mm up",-40.0,-20.0,30.0
P06-5,P06,5,Bed riser blocks (3D printed),Bed riser block (3D printed) - holds the bed rails on the base,"middle, middle, 30 mm up",300.0,-20.0,30.0
P06-6,P06,6,Bed riser blocks (3D printed),Bed riser block (3D printed) - holds the bed rails on the base,"middle, middle, 30 mm up",640.0,-20.0,30.0
P04-1,P04,1,Bed rollers,"Bed roller: 10 mm printed sleeve on a 3 mm steel rod, 2 x 623 bearings","middle, infeed end, 85 mm up",50.0,-50.0,85.0
P05-1,P05,1,Roller brackets (3D printed),"Roller bracket (3D printed, PETG) - clips on the bed rail","front (operator side), infeed end, 84 mm up",50.0,-80.0,84.0
P05-2,P05,2,Roller brackets (3D printed),"Roller bracket (3D printed, PETG) - clips on the bed rail","middle, infeed end, 84 mm up",50.0,-20.0,84.0
P04-2,P04,2,Bed rollers,"Bed roller: 10 mm printed sleeve on a 3 mm steel rod, 2 x 623 bearings","middle, infeed end, 85 mm up",150.0,-50.0,85.0
P05-3,P05,3,Roller brackets (3D printed),"Roller bracket (3D printed, PETG) - clips on the bed rail","front (operator side), infeed end, 84 mm up",150.0,-80.0,84.0
P05-4,P05,4,Roller brackets (3D printed),"Roller bracket (3D printed, PETG) - clips on the bed rail","middle, infeed end, 84 mm up",150.0,-20.0,84.0
P04-3,P04,3,Bed rollers,"Bed roller: 10 mm printed sleeve on a 3 mm steel rod, 2 x 623 bearings","middle, middle, 85 mm up",250.0,-50.0,85.0
P05-5,P05,5,Roller brackets (3D printed),"Roller bracket (3D printed, PETG) - clips on the bed rail","front (operator side), middle, 84 mm up",250.0,-80.0,84.0
P05-6,P05,6,Roller brackets (3D printed),"Roller bracket (3D printed, PETG) - clips on the bed rail","middle, middle, 84 mm up",250.0,-20.0,84.0
P04-4,P04,4,Bed rollers,"Bed roller: 10 mm printed sleeve on a 3 mm steel rod, 2 x 623 bearings","middle, middle, 85 mm up",350.0,-50.0,85.0
P05-7,P05,7,Roller brackets (3D printed),"Roller bracket (3D printed, PETG) - clips on the bed rail","front (operator side), middle, 84 mm up",350.0,-80.0,84.0
P05-8,P05,8,Roller brackets (3D printed),"Roller bracket (3D printed, PETG) - clips on the bed rail","middle, middle, 84 mm up",350.0,-20.0,84.0
P04-5,P04,5,Bed rollers,"Bed roller: 10 mm printed sleeve on a 3 mm steel rod, 2 x 623 bearings","middle, middle, 85 mm up",450.0,-50.0,85.0
P05-9,P05,9,Roller brackets (3D printed),"Roller bracket (3D printed, PETG) - clips on the bed rail","front (operator side), middle, 84 mm up",450.0,-80.0,84.0
P05-10,P05,10,Roller brackets (3D printed),"Roller bracket (3D printed, PETG) - clips on the bed rail","middle, middle, 84 mm up",450.0,-20.0,84.0
P04-6,P04,6,Bed rollers,"Bed roller: 10 mm printed sleeve on a 3 mm steel rod, 2 x 623 bearings","middle, middle, 85 mm up",550.0,-50.0,85.0
P05-11,P05,11,Roller brackets (3D printed),"Roller bracket (3D printed, PETG) - clips on the bed rail","front (operator side), middle, 84 mm up",550.0,-80.0,84.0
P05-12,P05,12,Roller brackets (3D printed),"Roller bracket (3D printed, PETG) - clips on the bed rail","middle, middle, 84 mm up",550.0,-20.0,84.0
P09-1,P09,1,Scrap tray (3D printed),Scrap tray (3D printed) - offcuts fall into it,"middle, middle, 22 mm up",300.0,-50.0,22.0
P07-1,P07,1,Outfeed table board,Outfeed table: 3 mm plywood strip on printed risers,"back, middle, 88 mm up",300.0,85.0,88.5
P08-1,P08,1,Outfeed table risers (3D printed),Outfeed table riser (3D printed),"back, infeed end, 44 mm up",-40.0,85.0,43.5
P08-2,P08,2,Outfeed table risers (3D printed),Outfeed table riser (3D printed),"back, middle, 44 mm up",300.0,85.0,43.5
P08-3,P08,3,Outfeed table risers (3D printed),Outfeed table riser (3D printed),"back, middle, 44 mm up",640.0,85.0,43.5
P28-1,P28,1,Model beams (3D printed),"Model beam: UB 305x165x40 at 1:10 (30 x 16 mm), 3D printed, steel tape on top","middle, middle, 105 mm up",260.0,-50.0,105.2
P01-17,P01,17,V-slot 20x20 aluminium extrusion,Handler bridge: 20x20 V-slot aluminium extrusion 340 mm,"middle, infeed end, 362 mm up",50.0,0.0,362.0
P10-1,P10,1,Mini V-wheel gantry plate kits,Handler bridge end: mini V-wheel gantry plate (20 series),"front (operator side), infeed end, 350 mm up",50.0,-150.0,350.5
P10-2,P10,2,Mini V-wheel gantry plate kits,Mini V-wheel (625 bearing),"front (operator side), infeed end, 343 mm up",32.0,-150.0,343.0
P10-3,P10,3,Mini V-wheel gantry plate kits,Mini V-wheel (625 bearing),"front (operator side), infeed end, 343 mm up",68.0,-150.0,343.0
P10-4,P10,4,Mini V-wheel gantry plate kits,Handler bridge end: mini V-wheel gantry plate (20 series),"back, infeed end, 350 mm up",50.0,150.0,350.5
P10-5,P10,5,Mini V-wheel gantry plate kits,Mini V-wheel (625 bearing),"back, infeed end, 343 mm up",32.0,150.0,343.0
P10-6,P10,6,Mini V-wheel gantry plate kits,Mini V-wheel (625 bearing),"back, infeed end, 343 mm up",68.0,150.0,343.0
P11-1,P11,1,NEMA 17 stepper motor,Handler X motor: NEMA 17 driving both rails through a 5 mm cross shaft and GT2 belts,"front (operator side), infeed end, 393 mm up",85.0,-105.0,393.0
P17-1,P17,1,5 mm cross shafts + bearings,5 mm cross shaft with GT2 16T pulleys at both ends,"middle, infeed end, 382 mm up",85.0,0.0,382.0
P10-7,P10,7,Mini V-wheel gantry plate kits,Handler carriage: mini V-wheel gantry plate on the bridge (Y axis),"middle, infeed end, 348 mm up",50.0,0.0,347.5
P11-2,P11,2,NEMA 17 stepper motor,Handler Y motor: NEMA 17 + GT2 belt along the bridge,"middle, infeed end, 326 mm up",83.0,0.0,326.0
P01-18,P01,18,V-slot 20x20 aluminium extrusion,Handler Z axis: 20x20 V-slot aluminium extrusion 200 mm on a T8 lead screw (slides through the carriage),"middle, infeed end, 350 mm up",50.0,0.0,350.3
P12-1,P12,1,NEMA 17 with integrated T8 lead screw,Handler Z motor: NEMA 17 with integrated T8 x 2 mm lead screw (150 mm),"middle, infeed end, 369 mm up",3.0,0.0,369.0
P13-1,P13,1,Z motor bracket (3D printed),Handler Z motor bracket (3D printed),"middle, infeed end, 348 mm up",9.0,0.0,347.5
P12-2,P12,2,NEMA 17 with integrated T8 lead screw,"T8 x 2 mm lead screw, 150 mm","middle, infeed end, 310 mm up",3.0,0.0,309.7
P14-1,P14,1,Lead-screw nut block (3D printed),Handler lead-screw nut block on the Z axis (3D printed + brass T8 nut),"middle, infeed end, 276 mm up",17.5,0.0,276.3
P23-1,P23,1,Arm mount plate (3D printed),Handler arm mount plate (3D printed),"middle, infeed end, 248 mm up",50.0,0.0,248.3
P22-1,P22,1,MeArm-type 4-servo arm kit,Handler arm: MeArm-type 4-servo arm kit (MG90S servos) - base,"middle, infeed end, 233 mm up",50.0,0.0,233.3
P22-2,P22,2,MeArm-type 4-servo arm kit,Handler arm: upper arm (~80 mm),"middle, infeed end, 188 mm up",50.0,0.0,187.8
P22-3,P22,3,MeArm-type 4-servo arm kit,Handler arm: forearm (~80 mm),"middle, infeed end, 149 mm up",82.0,0.0,148.8
P22-4,P22,4,MeArm-type 4-servo arm kit,Handler arm: wrist / tool holder,"middle, infeed end, 136 mm up",120.0,0.0,136.3
P27-1,P27,1,Handler magnet,Handler magnet: 5 V 20 mm lifting electromagnet (holds about 2.5 kg),"middle, infeed end, 125 mm up",120.0,0.0,125.3
P01-19,P01,19,V-slot 20x20 aluminium extrusion,Cutter bridge: 20x20 V-slot aluminium extrusion 340 mm,"middle, middle, 362 mm up",450.0,0.0,362.0
P10-8,P10,8,Mini V-wheel gantry plate kits,Cutter bridge end: mini V-wheel gantry plate (20 series),"front (operator side), middle, 350 mm up",450.0,-150.0,350.5
P10-9,P10,9,Mini V-wheel gantry plate kits,Mini V-wheel (625 bearing),"front (operator side), middle, 343 mm up",432.0,-150.0,343.0
P10-10,P10,10,Mini V-wheel gantry plate kits,Mini V-wheel (625 bearing),"front (operator side), middle, 343 mm up",468.0,-150.0,343.0
P10-11,P10,11,Mini V-wheel gantry plate kits,Cutter bridge end: mini V-wheel gantry plate (20 series),"back, middle, 350 mm up",450.0,150.0,350.5
P10-12,P10,12,Mini V-wheel gantry plate kits,Mini V-wheel (625 bearing),"back, middle, 343 mm up",432.0,150.0,343.0
P10-13,P10,13,Mini V-wheel gantry plate kits,Mini V-wheel (625 bearing),"back, middle, 343 mm up",468.0,150.0,343.0
P11-3,P11,3,NEMA 17 stepper motor,Cutter X motor: NEMA 17 driving both rails through a 5 mm cross shaft and GT2 belts,"front (operator side), middle, 393 mm up",485.0,-105.0,393.0
P17-2,P17,2,5 mm cross shafts + bearings,5 mm cross shaft with GT2 16T pulleys at both ends,"middle, middle, 382 mm up",485.0,0.0,382.0
P10-14,P10,14,Mini V-wheel gantry plate kits,Cutter carriage: mini V-wheel gantry plate on the bridge (Y axis),"middle, middle, 348 mm up",450.0,0.0,347.5
P11-4,P11,4,NEMA 17 stepper motor,Cutter Y motor: NEMA 17 + GT2 belt along the bridge,"middle, middle, 326 mm up",483.0,0.0,326.0
P01-20,P01,20,V-slot 20x20 aluminium extrusion,Cutter Z axis: 20x20 V-slot aluminium extrusion 200 mm on a T8 lead screw (slides through the carriage),"middle, middle, 375 mm up",450.0,0.0,375.3
P12-3,P12,3,NEMA 17 with integrated T8 lead screw,Cutter Z motor: NEMA 17 with integrated T8 x 2 mm lead screw (150 mm),"middle, middle, 369 mm up",403.0,0.0,369.0
P13-2,P13,2,Z motor bracket (3D printed),Cutter Z motor bracket (3D printed),"middle, middle, 348 mm up",409.0,0.0,347.5
P12-4,P12,4,NEMA 17 with integrated T8 lead screw,"T8 x 2 mm lead screw, 150 mm","middle, middle, 322 mm up",403.0,0.0,322.2
P14-2,P14,2,Lead-screw nut block (3D printed),Cutter lead-screw nut block on the Z axis (3D printed + brass T8 nut),"middle, middle, 301 mm up",417.5,0.0,301.3
P23-2,P23,2,Arm mount plate (3D printed),Cutter arm mount plate (3D printed),"middle, middle, 273 mm up",450.0,0.0,273.3
P22-5,P22,5,MeArm-type 4-servo arm kit,Cutter arm: MeArm-type 4-servo arm kit (MG90S servos) - base,"middle, middle, 258 mm up",450.0,0.0,258.3
P22-6,P22,6,MeArm-type 4-servo arm kit,Cutter arm: upper arm (~80 mm),"middle, middle, 213 mm up",450.0,0.0,212.8
P22-7,P22,7,MeArm-type 4-servo arm kit,Cutter arm: forearm (~80 mm),"middle, middle, 174 mm up",482.0,0.0,173.8
P22-8,P22,8,MeArm-type 4-servo arm kit,Cutter arm: wrist / tool holder,"middle, middle, 161 mm up",520.0,0.0,161.3
P26-1,P26,1,Cutter 'torch' for the prototype (pen holder),Cutter 'torch' for the prototype: fine-liner pen in a sprung 3D-printed holder (marks the cut lines),"middle, middle, 140 mm up",520.0,0.0,140.3
P44-1,P44,1,Control box,"Control box: Jetson Orin Nano, FluidNC 6-axis board, PCA9685 servo board, 24 V and 5 V supplies, fuses, safety relay","middle, middle, 55 mm up",850.0,0.0,55.0
P32-1,P32,1,Emergency stop station,"Emergency stop: 40 mm red mushroom, 2 NC contacts, yellow box (BS EN ISO 13850)","front (operator side), middle, 35 mm up",825.0,-195.0,35.0
P32-2,P32,2,Emergency stop station,Emergency stop head,"front (operator side), middle, 82 mm up",825.0,-195.0,82.5
P39-1,P39,1,Polycarbonate sheet 2 mm,"Enclosure door: 2 mm polycarbonate on a 20x20 frame, with a safety interlock switch","front (operator side), middle, 170 mm up",300.0,-171.0,170.0
P34-1,P34,1,Door interlock switch,"Door interlock switch (magnetic coded, NC) - opens = protective stop","front (operator side), middle, 165 mm up",642.5,-179.0,165.0
P29-1,P29,1,USB wide-angle camera (safety zone),Camera: USB wide-angle (or IMX219 CSI) on a 20x20 post - YOLO watches the cell,"front (operator side), infeed end, 420 mm up",-190.0,-150.0,420.0
P01-21,P01,21,V-slot 20x20 aluminium extrusion,20x20 V-slot aluminium extrusion - camera post,"front (operator side), infeed end, 205 mm up",-190.0,-150.0,205.0
